date,qubo_strategy,equal_weight_control,0050_TW,sp500,sp500_twd
2021-01-01,1.0,1.0,1.0,1.0,1.0
2021-04-01,1.1008114228887647,1.132330606466404,1.1346299201680046,1.0702329945999518,1.0815037437763213
2021-07-01,1.1490767366884114,1.213193619762707,1.1559432875443432,1.150122298781601,1.1394439212632888
2021-10-01,1.1438846200551525,1.192970396197592,1.1224481604995196,1.1599996698053145,1.1499979370748443
2022-01-01,1.381650856855344,1.3993839581197252,1.2192326472253048,1.2689273866137125,1.2499469068992617
2022-04-01,1.3076374071623993,1.3623071762732568,1.1727568935903052,1.210270250700315,1.233416476817388
2022-07-01,1.0153754319457122,1.091835230181194,0.9552467477290907,1.0184394882164371,1.0756387433226056
2022-10-01,0.9863629144826999,1.115964188558196,0.9016705543181462,0.9546201353889209,1.0753743551114514
2023-01-01,1.0192593301898074,1.172746411552146,0.960503466511821,1.0222120274974174,1.1169166554231822
2023-04-01,1.1366477048443118,1.3647359977879694,1.0837242543181906,1.094045101344094,1.1826208899139663
2023-07-01,1.5071196177783273,1.6417894954584267,1.1505658665333447,1.184850069838126,1.3130713417657043
2023-10-01,1.6729134319293892,1.8321469176644987,1.109045630468465,1.1416320054328726,1.3035373792417229
2024-01-01,1.6967435454884277,1.9893043733630018,1.2247878323875492,1.2698991209736479,1.387641643945514
2024-04-01,2.006030735827785,2.2627614291712486,1.4564569483313157,1.3960788601107466,1.5877652366424468
2024-07-01,2.355290581462214,2.585828681100647,1.7266510667844763,1.457664458890534,1.6873975443294515
2024-10-01,2.1475976725544945,2.4148046444179356,1.7075725754485016,1.5198731376418497,1.7093952030834976
2025-01-01,2.2331937141308345,2.5879778729114626,1.8205735137179968,1.5658999368405166,1.8269678056692114
2025-04-01,2.069186736604087,2.382888834474699,1.662341392615448,1.4997243719362336,1.7753490034198294
2025-07-01,2.3713099837676297,2.791313366977897,1.8345156928418773,1.6501315611325236,1.7164161549457784
2025-10-01,2.813586021254795,3.623589691761449,2.2067517559476335,1.7867611820787745,1.9371539721976907
2026-01-01,3.1826879410986386,4.659854626354672,2.4916165539299477,1.8225165865955388,2.02794226821521
2026-04-01,3.768818934962957,5.637289373505575,2.9061865029038754,1.750584974334838,1.9911894272543837
2026-07-01,5.527581291278887,10.656388221827395,4.211948382316659,1.992303083881865,2.258786042520179
2026-08-14,5.523940182925647,10.970891056128876,4.134884924875614,2.0728473175224247,2.3714899928478976
